{"[9837.]": 0.12506917119026184, "[6527.]": 0.15469792485237122, "[6446.]": 0.041317250579595566, "[3331.]": 0.12865588068962097, "[5779.]": 0.17032967507839203, "[8854.]": 0.04255673661828041, "[2755.]": 0.158451110124588, "[6518.]": 0.10419974476099014, "[7811.]": 0.1623067408800125, "[52.]": 0.0721108689904213, "[9377.]": 0.1851266622543335, "[6271.]": 0.1385406255722046, "[9011.]": 0.15663644671440125, "[9204.]": 0.12541882693767548, "[5073.]": 0.0559147447347641, "[6526.]": 0.11083187907934189, "[9362.]": 0.1108410656452179, "[80.]": 0.09226099401712418, "[6191.]": 0.14079764485359192, "[9592.]": 0.13702724874019623, "[8623.]": 0.06489242613315582, "[9442.]": 0.10490007698535919, "[9866.]": 0.048274338245391846, "[9896.]": 0.10951792448759079, "[2344.]": 0.1315428763628006, "[9476.]": 0.1330178827047348, "[9888.]": 0.1474054902791977, "[8831.]": 0.09628155827522278, "[6583.]": 0.14927220344543457, "[9691.]": 0.059942577034235, "[8647.]": 0.10215792059898376, "[9286.]": 0.05185525491833687, "[8038.]": 0.11240041255950928, "[9079.]": 0.12420273572206497, "[9292.]": 0.07983332872390747, "[6531.]": 0.10549405962228775, "[9722.]": 0.045686401426792145, "[9822.]": 0.04373122379183769, "[9752.]": 0.1006045714020729, "[6274.]": 0.06381972879171371, "[8016.]": 0.14469724893569946, "[6281.]": 0.1317463368177414, "[8722.]": 0.18790780007839203, "[9880.]": 0.05872223898768425, "[9335.]": 0.11182649433612823, "[9881.]": 0.07729702442884445, "[6175.]": 0.07750867307186127, "[2394.]": 0.07890545576810837, "[4005.]": 0.04132634028792381, "[9093.]": 0.12955242395401, "[9489.]": 0.06995780766010284, "[2263.]": 0.06647133082151413, "[6287.]": 0.08190632611513138, "[9364.]": 0.07737947255373001, "[26.]": 0.05298105999827385, "[8010.]": 0.06973189115524292, "[8290.]": 0.06808345019817352, "[4308.]": 0.09132613241672516, "[9879.]": 0.059839121997356415, "[2283.]": 0.07462949305772781, "[6290.]": 0.0739416629076004, "[9591.]": 0.09170950204133987, "[9356.]": 0.10755112022161484, "[9538.]": 0.11212761700153351, "[6223.]": 0.06355109065771103, "[6415.]": 0.10341368615627289, "[9386.]": 0.13581804931163788, "[9488.]": 0.10152420401573181, "[258.]": 0.11200825124979019, "[6458.]": 0.08354275673627853, "[6550.]": 0.09060350805521011, "[6542.]": 0.10915122926235199, "[9148.]": 0.1418561041355133, "[4375.]": 0.09043584764003754, "[8157.]": 0.0841669887304306, "[9636.]": 0.12347228080034256, "[9031.]": 0.09436088800430298, "[9741.]": 0.12542034685611725, "[3837.]": 0.049702513962984085, "[6433.]": 0.09981068223714828, "[9762.]": 0.04837968200445175, "[8985.]": 0.12624815106391907, "[7951.]": 0.010528862476348877, "[8794.]": 0.07291533052921295, "[195.]": 0.08194195479154587, "[9603.]": 0.1372266262769699, "[9578.]": 0.0744231790304184, "[7988.]": 0.10165944695472717, "[9217.]": 0.16665615141391754, "[9439.]": 0.059024106711149216, "[2290.]": 0.12127809971570969, "[6272.]": 0.11408981680870056, "[6534.]": 0.08222857117652893, "[8705.]": 0.09769856184720993, "[9868.]": 0.014356234110891819, "[8871.]": 0.023264029994606972, "[6234.]": 0.13261209428310394, "[2438.]": 0.24554555118083954, "[9721.]": 0.0471280962228775, "[9334.]": 0.10266519337892532, "[9110.]": 0.20853352546691895, "[9756.]": 0.17694798111915588, "[300.]": 0.09827233850955963, "[8180.]": 0.06115221232175827, "[586.]": 0.10058704018592834, "[7526.]": 0.0578475296497345, "[9323.]": 0.07517953217029572, "[6454.]": 0.09369809180498123, "[8739.]": 0.08653978258371353, "[6186.]": 0.08762740343809128, "[9852.]": 0.07773907482624054, "[8779.]": 0.10602658241987228, "[8329.]": 0.09775685518980026, "[5083.]": 0.12419526278972626, "[9465.]": 0.14219385385513306, "[8679.]": 0.08829014748334885, "[2295.]": 0.10463272035121918, "[9102.]": 0.05942436680197716, "[9584.]": 0.09171833842992783, "[8604.]": 0.16794437170028687, "[6502.]": 0.07672913372516632, "[115.]": 0.0664757713675499, "[9507.]": 0.10482707619667053, "[3314.]": 0.062455106526613235, "[2695.]": 0.075782410800457, "[6396.]": 0.1590871959924698, "[9256.]": 0.16358746588230133, "[9761.]": 0.0747801885008812, "[76.]": 0.10091907531023026, "[5785.]": 0.12475039809942245, "[9086.]": 0.1163666844367981, "[9457.]": 0.12016866356134415, "[9885.]": 0.12558121979236603, "[9169.]": 0.1106659471988678, "[851.]": 0.1873832643032074, "[4372.]": 0.0656832680106163, "[8940.]": 0.05924561992287636, "[6509.]": 0.08512720465660095, "[9340.]": 0.07081010192632675, "[9035.]": 0.10772128403186798, "[6303.]": 0.09853891283273697, "[81.]": 0.06289186328649521, "[9327.]": 0.0798540860414505, "[6247.]": 0.07614906132221222, "[9411.]": 0.059231262654066086, "[9446.]": 0.06806819885969162, "[2286.]": 0.11620306223630905, "[7553.]": 0.0632232055068016, "[9870.]": 0.11107432097196579, "[4345.]": 0.05611657351255417, "[8556.]": 0.12650468945503235, "[435.]": 0.008469515480101109, "[10.]": 0.0947498306632042, "[8648.]": 0.15650837123394012, "[8020.]": 0.10449862480163574, "[9270.]": 0.0937630832195282, "[8996.]": 0.09462791681289673, "[6539.]": 0.06988753378391266, "[4332.]": 0.05006393417716026, "[9784.]": 0.11369392275810242, "[2300.]": 0.06372041255235672, "[9845.]": 0.29038116335868835, "[2346.]": 0.09485144913196564, "[8564.]": 0.11163239181041718, "[9513.]": 0.05300484225153923, "[6548.]": 0.08619073778390884, "[9567.]": 0.08655550330877304, "[9456.]": 0.07240523397922516, "[4339.]": 0.09468988329172134, "[9615.]": 0.07524657994508743, "[9672.]": 0.15042732656002045, "[9539.]": 0.16297125816345215, "[8907.]": 0.05678599327802658, "[6209.]": 0.10994894057512283, "[6451.]": 0.12571114301681519, "[9392.]": 0.008220948278903961, "[8876.]": 0.11531994491815567, "[4237.]": 0.09435474127531052, "[9709.]": 0.0868966206908226, "[9864.]": 0.03690766915678978, "[9357.]": 0.06957913190126419, "[2308.]": 0.08440788090229034, "[9531.]": 0.12723185122013092, "[121.]": 0.10297385603189468, "[8594.]": 0.07097098231315613, "[9352.]": 0.1354285627603531, "[8615.]": 0.1376936286687851, "[4380.]": 0.13876475393772125, "[9581.]": 0.15262533724308014, "[2542.]": 0.08962943404912949, "[9205.]": 0.14182418584823608, "[9237.]": 0.11893919110298157}